tunecache	1.1.0	1.1.0-e23cd7e4f-sm_86	cpu_arch=x86_64,gpu_arch=sm_86,cuda_version=12.2.140	# Last updated Tue Dec 23 14:17:31 2025

          volume	name	aux	block.x	block.y	block.z	grid.x	grid.y	grid.z	shared_bytes	aux.x	aux.y	aux.z	aux.w	time	comment
               1	N4quda7reducer11init_reduceIN4cuda3__46atomicIjLNS2_3std3__48__detail12thread_scopeE1EEEEE	GPU-offline,	32	1	1	1	1	1	0	-1	-1	-1	-1	3.40282e+38	# default
          114688	N4quda15TransformReduceINS_7maximumIdEEKNS_7complexIdEEmNS_8abs_max_IddEENS_8identityEEE	,batch_size=1	128	1	1	56	1	1	0	-1	-1	-1	-1	1.18884e-05	# 0.00 Gflop/s, 154.35 GB/s, tuning took 0.046410 seconds at Sun Dec 21 15:21:29 2025
         4x8x8x8	N4quda15CopyColorSpinorILi4ELi3ENS_11colorspinor11FloatNOrderIdLi4ELi3ELi2ELb0ELb0ELb0EEES3_St5tupleIJRNS_16ColorSpinorFieldERKS5_19QudaFieldLocation_sPdPKdEEEE	GPU-offline,vol=2048,parity=1,precision=8,order=2,Ns=4,Nc=3vol=2048,parity=1,precision=8,order=2,Ns=4,Nc=3	32	1	1	64	1	1	0	-1	-1	-1	-1	2.20471e-06	# 0.00 Gflop/s, 356.71 GB/s, tuning took 0.010349 seconds at Sun Dec 21 15:21:29 2025
         4x8x8x8	N4quda15CopyColorSpinorILi4ELi3ENS_11colorspinor11FloatNOrderIsLi4ELi3ELi8ELb0ELb0ELb0EEENS2_IdLi4ELi3ELi2ELb0ELb0ELb0EEESt5tupleIJRNS_16ColorSpinorFieldERKS6_19QudaFieldLocation_sPsPKdEEEE	GPU-offline,vol=2048,parity=1,precision=8,order=2,Ns=4,Nc=3vol=2048,parity=1,precision=2,order=8,Ns=4,Nc=3	96	1	1	22	1	1	0	-1	-1	-1	-1	2.99966e-06	# 0.00 Gflop/s, 166.59 GB/s, tuning took 0.017944 seconds at Sun Dec 21 15:21:29 2025
         4x8x8x8	N4quda15CopyColorSpinorILi4ELi3ENS_11colorspinor11FloatNOrderIsLi4ELi3ELi8ELb0ELb0ELb0EEES3_St5tupleIJRNS_16ColorSpinorFieldERKS5_19QudaFieldLocation_sPsPKsEEEE	GPU-offline,vol=2048,parity=1,precision=2,order=8,Ns=4,Nc=3vol=2048,parity=1,precision=2,order=8,Ns=4,Nc=3	160	1	1	13	1	1	0	-1	-1	-1	-1	1.95698e-06	# 0.00 Gflop/s, 108.84 GB/s, tuning took 0.013809 seconds at Sun Dec 21 15:21:29 2025
         4x8x8x8	N4quda26WilsonCloverPreconditionedINS_15WilsonCloverArgIdLi3ELi4EL21QudaReconstructType_s12ELb0EEEEE	policy,GPU-offline,vol=2048,parity=1,precision=8,order=2,Ns=4,Nc=3,commDim=0000,n_rhs=1,n_rhs_tile=1,topo=1111,p2p=0,gdr=0,nvshmem=0,pol=110000000000000000	32	1	1	1	1	1	0	1	0	0	-1	5.91379e-05	# 64.83 Gflop/s, 95.30 GB/s, tuning took 0.002652 seconds at Sun Dec 21 15:21:30 2025
         4x8x8x8	N4quda26WilsonCloverPreconditionedINS_15WilsonCloverArgIdLi3ELi4EL21QudaReconstructType_s12ELb0EEEEE	policy,GPU-offline,vol=2048,parity=1,precision=8,order=2,Ns=4,Nc=3,commDim=0000,xpay,n_rhs=1,n_rhs_tile=1,topo=1111,p2p=0,gdr=0,nvshmem=0,pol=110000000000000000	32	1	1	1	1	1	0	1	0	0	-1	5.99341e-05	# 65.61 Gflop/s, 94.04 GB/s, tuning took 0.002677 seconds at Sun Dec 21 15:21:30 2025
         4x8x8x8	N4quda26WilsonCloverPreconditionedINS_15WilsonCloverArgIdLi3ELi4EL21QudaReconstructType_s12ELb0EEEEE	policy_kernel=interior,GPU-offline,vol=2048,parity=1,precision=8,order=2,Ns=4,Nc=3,commDim=0000,n_rhs=1,n_rhs_tile=1,comm=0000	32	1	1	64	1	1	9217	-1	-1	-1	-1	5.92847e-05	# 64.67 Gflop/s, 95.07 GB/s, tuning took 0.080351 seconds at Sun Dec 21 15:21:30 2025
         4x8x8x8	N4quda26WilsonCloverPreconditionedINS_15WilsonCloverArgIdLi3ELi4EL21QudaReconstructType_s12ELb0EEEEE	policy_kernel=interior,GPU-offline,vol=2048,parity=1,precision=8,order=2,Ns=4,Nc=3,commDim=0000,xpay,n_rhs=1,n_rhs_tile=1,comm=0000	80	1	1	26	1	1	20276	-1	-1	-1	-1	5.98739e-05	# 65.67 Gflop/s, 94.14 GB/s, tuning took 0.061268 seconds at Sun Dec 21 15:21:30 2025
         4x8x8x8	N4quda26WilsonCloverPreconditionedINS_15WilsonCloverArgIdLi3ELi4EL21QudaReconstructType_s8ELb0EEEEE	policy,GPU-offline,vol=2048,parity=1,precision=8,order=2,Ns=4,Nc=3,commDim=0000,n_rhs=1,n_rhs_tile=1,topo=1111,p2p=0,gdr=0,nvshmem=0,pol=110000000000000000	32	1	1	1	1	1	0	0	0	0	-1	8.96e-05	# 42.79 Gflop/s, 57.05 GB/s, tuning took 0.003099 seconds at Mon Dec 22 16:54:05 2025
         4x8x8x8	N4quda26WilsonCloverPreconditionedINS_15WilsonCloverArgIdLi3ELi4EL21QudaReconstructType_s8ELb0EEEEE	policy,GPU-offline,vol=2048,parity=1,precision=8,order=2,Ns=4,Nc=3,commDim=0000,xpay,n_rhs=1,n_rhs_tile=1,topo=1111,p2p=0,gdr=0,nvshmem=0,pol=110000000000000000	32	1	1	1	1	1	0	1	0	0	-1	9.17876e-05	# 42.84 Gflop/s, 55.69 GB/s, tuning took 0.002982 seconds at Mon Dec 22 16:54:05 2025
         4x8x8x8	N4quda26WilsonCloverPreconditionedINS_15WilsonCloverArgIdLi3ELi4EL21QudaReconstructType_s8ELb0EEEEE	policy_kernel=interior,GPU-offline,vol=2048,parity=1,precision=8,order=2,Ns=4,Nc=3,commDim=0000,n_rhs=1,n_rhs_tile=1,comm=0000	32	1	1	64	1	1	10138	-1	-1	-1	-1	8.95147e-05	# 42.83 Gflop/s, 57.11 GB/s, tuning took 0.189912 seconds at Mon Dec 22 16:54:05 2025
         4x8x8x8	N4quda26WilsonCloverPreconditionedINS_15WilsonCloverArgIdLi3ELi4EL21QudaReconstructType_s8ELb0EEEEE	policy_kernel=interior,GPU-offline,vol=2048,parity=1,precision=8,order=2,Ns=4,Nc=3,commDim=0000,xpay,n_rhs=1,n_rhs_tile=1,comm=0000	32	1	1	64	1	1	8449	-1	-1	-1	-1	9.16946e-05	# 42.88 Gflop/s, 55.75 GB/s, tuning took 0.088310 seconds at Mon Dec 22 16:54:05 2025
         4x8x8x8	N4quda26WilsonCloverPreconditionedINS_15WilsonCloverArgIsLi3ELi4EL21QudaReconstructType_s8ELb0EEEEE	policy,GPU-offline,vol=2048,parity=1,precision=2,order=8,Ns=4,Nc=3,commDim=0000,n_rhs=1,n_rhs_tile=1,topo=1111,p2p=0,gdr=0,nvshmem=0,pol=110000000000000000	32	1	1	1	1	1	0	1	0	0	-1	7.04099e-06	# 544.51 Gflop/s, 190.81 GB/s, tuning took 0.001937 seconds at Sun Dec 21 15:21:30 2025
         4x8x8x8	N4quda26WilsonCloverPreconditionedINS_15WilsonCloverArgIsLi3ELi4EL21QudaReconstructType_s8ELb0EEEEE	policy,GPU-offline,vol=2048,parity=1,precision=2,order=8,Ns=4,Nc=3,commDim=0000,xpay,n_rhs=1,n_rhs_tile=1,topo=1111,p2p=0,gdr=0,nvshmem=0,pol=110000000000000000	32	1	1	1	1	1	0	1	0	0	-1	7.41776e-06	# 530.10 Gflop/s, 181.12 GB/s, tuning took 0.001941 seconds at Sun Dec 21 15:21:30 2025
         4x8x8x8	N4quda26WilsonCloverPreconditionedINS_15WilsonCloverArgIsLi3ELi4EL21QudaReconstructType_s8ELb0EEEEE	policy_kernel=interior,GPU-offline,vol=2048,parity=1,precision=2,order=8,Ns=4,Nc=3,commDim=0000,n_rhs=1,n_rhs_tile=1,comm=0000	80	1	1	26	1	1	6337	-1	-1	-1	-1	7.04655e-06	# 544.08 Gflop/s, 190.66 GB/s, tuning took 0.090870 seconds at Sun Dec 21 15:21:30 2025
         4x8x8x8	N4quda26WilsonCloverPreconditionedINS_15WilsonCloverArgIsLi3ELi4EL21QudaReconstructType_s8ELb0EEEEE	policy_kernel=interior,GPU-offline,vol=2048,parity=1,precision=2,order=8,Ns=4,Nc=3,commDim=0000,xpay,n_rhs=1,n_rhs_tile=1,comm=0000	80	1	1	26	1	1	16897	-1	-1	-1	-1	7.41789e-06	# 530.09 Gflop/s, 181.12 GB/s, tuning took 0.020929 seconds at Sun Dec 21 15:21:30 2025
         4x8x8x8	N4quda4blas10CdotNormABIddEE	GPU-offline,vol=2048,parity=1,precision=8,order=2,Ns=4,Nc=3,n_rhs=1	64	1	1	55	1	1	0	-1	-1	-1	-1	1.10688e-05	# 35.52 Gflop/s, 71.05 GB/s, tuning took 0.033155 seconds at Mon Dec 22 16:54:05 2025
         4x8x8x8	N4quda4blas10CdotNormABIdfEE	GPU-offline,vol=2048,parity=1,precision=2,order=8,Ns=4,Nc=3,n_rhs=1	32	1	1	37	1	1	0	-1	-1	-1	-1	1.25043e-05	# 31.45 Gflop/s, 17.03 GB/s, tuning took 0.043314 seconds at Sun Dec 21 15:21:30 2025
         4x8x8x8	N4quda4blas10caxpyNorm2IddEE	GPU-offline,vol=2048,parity=1,precision=8,order=2,Ns=4,Nc=3,n_rhs=1	128	1	1	55	1	1	0	-1	-1	-1	-1	1.03581e-05	# 37.96 Gflop/s, 113.89 GB/s, tuning took 0.030336 seconds at Sun Dec 21 15:21:30 2025
         4x8x8x8	N4quda4blas31caxpbypzYmbwcDotProductUYNormY_IddEE	GPU-offline,vol=2048,parity=1,precision=2,order=8,Ns=4,Nc=3,vol=2048,parity=1,precision=8,order=2,Ns=4,Nc=3,n_rhs=1	32	1	1	36	1	1	0	-1	-1	-1	-1	2.1705e-05	# 40.76 Gflop/s, 60.77 GB/s, tuning took 0.041083 seconds at Sun Dec 21 15:21:30 2025
         4x8x8x8	N4quda4blas31caxpbypzYmbwcDotProductUYNormY_IddEE	GPU-offline,vol=2048,parity=1,precision=8,order=2,Ns=4,Nc=3,n_rhs=1	128	1	1	28	1	1	0	-1	-1	-1	-1	1.36627e-05	# 64.76 Gflop/s, 201.46 GB/s, tuning took 0.039675 seconds at Mon Dec 22 16:54:05 2025
         4x8x8x8	N4quda4blas4CdotIddEE	GPU-offline,vol=2048,parity=1,precision=8,order=2,Ns=4,Nc=3,n_rhs=1	64	1	1	55	1	1	0	-1	-1	-1	-1	9.91314e-06	# 19.83 Gflop/s, 79.33 GB/s, tuning took 0.028301 seconds at Mon Dec 22 16:54:05 2025
         4x8x8x8	N4quda4blas4CdotIdfEE	GPU-offline,vol=2048,parity=1,precision=2,order=8,Ns=4,Nc=3,n_rhs=1	32	1	1	38	1	1	0	-1	-1	-1	-1	1.12079e-05	# 17.54 Gflop/s, 19.00 GB/s, tuning took 0.035128 seconds at Sun Dec 21 15:21:30 2025
         4x8x8x8	N4quda4blas5Norm2IddEE	GPU-offline,vol=2048,parity=1,precision=8,order=2,Ns=4,Nc=3,n_rhs=1	128	1	1	56	1	1	0	-1	-1	-1	-1	8.07597e-06	# 12.17 Gflop/s, 48.69 GB/s, tuning took 0.024574 seconds at Sun Dec 21 15:21:29 2025
         4x8x8x8	N4quda4blas6caxpy_IdEE	GPU-offline,vol=2048,parity=1,precision=8,order=2,Ns=4,Nc=3,n_rhs=1	448	1	1	56	1	1	0	-1	-1	-1	-1	2.82697e-06	# 69.55 Gflop/s, 417.28 GB/s, tuning took 0.008988 seconds at Mon Dec 22 16:54:05 2025
         4x8x8x8	N4quda4blas6caxpy_IfEE	GPU-offline,vol=2048,parity=1,precision=2,order=8,Ns=4,Nc=3,n_rhs=1	352	1	1	56	1	1	0	-1	-1	-1	-1	2.91809e-06	# 67.38 Gflop/s, 109.49 GB/s, tuning took 0.010299 seconds at Sun Dec 21 15:21:30 2025
         4x8x8x8	N4quda4blas7axpbyz_IdEE	GPU-offline,vol=2048,parity=1,precision=8,order=2,Ns=4,Nc=3,n_rhs=1	160	1	1	56	1	1	0	-1	-1	-1	-1	3.07566e-06	# 47.94 Gflop/s, 383.54 GB/s, tuning took 0.009884 seconds at Sun Dec 21 15:21:30 2025
         4x8x8x8	N4quda4blas9cxpaypbz_IdEE	GPU-offline,vol=2048,parity=1,precision=8,order=2,Ns=4,Nc=3,n_rhs=1	128	1	1	56	1	1	0	-1	-1	-1	-1	4.53565e-06	# 97.53 Gflop/s, 346.78 GB/s, tuning took 0.009603 seconds at Mon Dec 22 16:54:06 2025
         4x8x8x8	N4quda4blas9cxpaypbz_IfEE	GPU-offline,vol=2048,parity=1,precision=2,order=8,Ns=4,Nc=3,n_rhs=1	192	1	1	56	1	1	0	-1	-1	-1	-1	3.01714e-06	# 146.62 Gflop/s, 141.19 GB/s, tuning took 0.009485 seconds at Sun Dec 21 15:21:30 2025
         4x8x8x8	N4quda6CloverIdLi3EEE	GPU-offline,vol=2048,parity=1,precision=8,order=2,Ns=4,Nc=3,n_rhs=1	32	1	1	64	1	1	3781	-1	-1	-1	-1	2.30757e-05	# 44.73 Gflop/s, 73.84 GB/s, tuning took 0.025838 seconds at Sun Dec 21 15:21:29 2025
         4x8x8x8	N4quda6WilsonINS_9WilsonArgIdLi3ELi4EL21QudaReconstructType_s12ELb0EEEEE	policy,GPU-offline,vol=2048,parity=1,precision=8,order=2,Ns=4,Nc=3,commDim=0000,xpay,n_rhs=1,n_rhs_tile=1,topo=1111,p2p=0,gdr=0,nvshmem=0,pol=110000000000000000	32	1	1	1	1	1	0	0	0	0	-1	3.79259e-05	# 73.87 Gflop/s, 124.42 GB/s, tuning took 0.002476 seconds at Sun Dec 21 15:21:29 2025
         4x8x8x8	N4quda6WilsonINS_9WilsonArgIdLi3ELi4EL21QudaReconstructType_s12ELb0EEEEE	policy_kernel=interior,GPU-offline,vol=2048,parity=1,precision=8,order=2,Ns=4,Nc=3,commDim=0000,xpay,n_rhs=1,n_rhs_tile=1,comm=0000	32	1	1	64	1	1	6759	-1	-1	-1	-1	3.78121e-05	# 74.09 Gflop/s, 124.80 GB/s, tuning took 0.184704 seconds at Sun Dec 21 15:21:29 2025
         8x8x8x8	N4quda10CopyCloverINS_6clover11FloatNOrderIsLi72ELi8ELb0ELb1ELb0EEENS2_IdLi72ELi2ELb0ELb1ELb0EEEsdEE	GPU-offline,vol=4096precision=8Nc=3	160	1	1	13	2	1	9831	-1	-1	-1	-1	8.0832e-06	# 0.00 Gflop/s, 283.77 GB/s, tuning took 0.023874 seconds at Sun Dec 21 15:21:29 2025
         8x8x8x8	N4quda11CopyGaugeExIddLi18ENS_5gauge11FloatNOrderIdLi18ELi2ELi12EL20QudaStaggeredPhase_s0ELb1EL19QudaGhostExchange_sn2147483648ELb0EEES5_EE	GPU-offline,vol=4096,stride=2304,precision=8,geometry=4,Nc=3vol=4096,stride=2048,precision=8,geometry=4,Nc=3,r=0000	224	1	1	10	2	1	0	-1	-1	-1	-1	9.78268e-06	# 0.00 Gflop/s, 341.66 GB/s, tuning took 0.012245 seconds at Sun Dec 21 15:21:27 2025
         8x8x8x8	N4quda11CopyGaugeExIddLi18ENS_5gauge11FloatNOrderIdLi18ELi2ELi18EL20QudaStaggeredPhase_s0ELb1EL19QudaGhostExchange_sn2147483648ELb0EEES5_EE	GPU-offline,vol=4096,stride=2304,precision=8,geometry=4,Nc=3vol=4096,stride=2048,precision=8,geometry=4,Nc=3,r=0000	320	1	1	7	2	1	0	-1	-1	-1	-1	1.72138e-05	# 0.00 Gflop/s, 291.25 GB/s, tuning took 0.065182 seconds at Sun Dec 21 15:21:26 2025
         8x8x8x8	N4quda12CloverInvertIdEE	GPU-offline,vol=4096precision=8Nc=3,trlog,twist=false	96	2	1	30	1	1	12289	-1	-1	-1	-1	5.84196e-05	# 0.00 Gflop/s, 31.41 GB/s, tuning took 1.318518 seconds at Sun Dec 21 15:21:29 2025
         8x8x8x8	N4quda12ExtractGhostIdLi3ENS_5gauge11FloatNOrderIdLi18ELi2ELi12EL20QudaStaggeredPhase_s0ELb1EL19QudaGhostExchange_sn2147483648ELb0EEEEE	GPU-offline,vol=4096,stride=2304,precision=8,geometry=4,Nc=3,extract	64	1	3	8	1	3	16385	-1	-1	-1	-1	2.33058e-06	# 0.00 Gflop/s, 168.72 GB/s, tuning took 0.014710 seconds at Sun Dec 21 15:21:27 2025
         8x8x8x8	N4quda12ExtractGhostIdLi3ENS_5gauge11FloatNOrderIdLi18ELi2ELi18EL20QudaStaggeredPhase_s0ELb1EL19QudaGhostExchange_sn2147483648ELb0EEEEE	GPU-offline,vol=4096,stride=2304,precision=8,geometry=4,Nc=3,extract	64	1	3	8	1	3	24577	-1	-1	-1	-1	2.79558e-06	# 0.00 Gflop/s, 210.98 GB/s, tuning took 0.018050 seconds at Sun Dec 21 15:21:26 2025
         8x8x8x8	N4quda12WilsonCloverINS_15WilsonCloverArgIdLi3ELi4EL21QudaReconstructType_s12ELb0ELb0EEEEE	policy,GPU-offline,vol=4096,parity=2,precision=8,order=2,Ns=4,Nc=3,commDim=0000,xpay,n_rhs=1,n_rhs_tile=1,topo=1111,p2p=0,gdr=0,nvshmem=0,pol=110000000000000000	32	1	1	1	1	1	0	0	0	0	-1	8.38827e-05	# 93.75 Gflop/s, 134.38 GB/s, tuning took 0.002908 seconds at Sun Dec 21 17:11:34 2025
         8x8x8x8	N4quda12WilsonCloverINS_15WilsonCloverArgIdLi3ELi4EL21QudaReconstructType_s12ELb0ELb0EEEEE	policy_kernel=interior,GPU-offline,vol=4096,parity=2,precision=8,order=2,Ns=4,Nc=3,commDim=0000,xpay,n_rhs=1,n_rhs_tile=1,comm=0000	160	1	1	13	1	2	25345	-1	-1	-1	-1	8.38827e-05	# 93.75 Gflop/s, 134.38 GB/s, tuning took 0.176769 seconds at Sun Dec 21 17:11:34 2025
         8x8x8x8	N4quda13ComputeCloverIdEE	GPU-offline,vol=4096precision=8Nc=3	160	1	1	13	2	1	0	-1	-1	-1	-1	2.66517e-05	# 73.77 Gflop/s, 201.64 GB/s, tuning took 0.013560 seconds at Sun Dec 21 15:21:28 2025
         8x8x8x8	N4quda15CopyColorSpinorILi4ELi3ENS_11colorspinor11FloatNOrderIdLi4ELi3ELi2ELb0ELb0ELb0EEENS1_21SpaceSpinorColorOrderIdLi4ELi3EEESt5tupleIJRNS_16ColorSpinorFieldERKS7_19QudaFieldLocation_sPdPKdEEEE	GPU-offline,vol=4096,parity=2,precision=8,order=9,Ns=4,Nc=3vol=4096,parity=2,precision=8,order=2,Ns=4,Nc=3to_ukqcd,from_degrand_rossi	160	1	1	13	2	1	0	-1	-1	-1	-1	4.96071e-06	# 0.00 Gflop/s, 317.06 GB/s, tuning took 0.018032 seconds at Sun Dec 21 15:21:29 2025
         8x8x8x8	N4quda15CopyColorSpinorILi4ELi3ENS_11colorspinor21SpaceSpinorColorOrderIdLi4ELi3EEENS1_11FloatNOrderIdLi4ELi3ELi2ELb0ELb0ELb0EEESt5tupleIJRNS_16ColorSpinorFieldERKS7_19QudaFieldLocation_sPdPKdEEEE	GPU-offline,vol=4096,parity=2,precision=8,order=2,Ns=4,Nc=3vol=4096,parity=2,precision=8,order=9,Ns=4,Nc=3to_degrand_rossi,from_ukqcd	32	1	1	64	2	1	0	-1	-1	-1	-1	5.16602e-06	# 0.00 Gflop/s, 304.46 GB/s, tuning took 0.012226 seconds at Sun Dec 21 15:21:30 2025
         8x8x8x8	N4quda4blas4axy_IdEE	GPU-offline,vol=4096,parity=2,precision=8,order=2,Ns=4,Nc=3,n_rhs=1	128	1	2	56	1	1	0	-1	-1	-1	-1	3.76719e-06	# 78.28 Gflop/s, 417.52 GB/s, tuning took 0.014134 seconds at Sun Dec 21 15:21:29 2025
         8x8x8x8	N4quda4blas5Norm2IddEE	GPU-offline,vol=4096,parity=2,precision=8,order=2,Ns=4,Nc=3,n_rhs=1	256	1	1	28	1	1	0	-1	-1	-1	-1	8.80264e-06	# 22.34 Gflop/s, 89.34 GB/s, tuning took 0.038451 seconds at Sun Dec 21 15:21:29 2025
         8x8x8x8	N4quda5FmunuIdLi3EL21QudaReconstructType_s12EEE	GPU-offline,vol=4096,stride=2048,precision=8,geometry=4,Nc=3,r=0000,comm=0000	32	1	2	64	2	3	3511	-1	-1	-1	-1	0.000452267	# 134.00 Gflop/s, 91.29 GB/s, tuning took 0.406811 seconds at Sun Dec 21 15:21:28 2025
         8x8x8x8	N4quda6CovDevINS_9CovDevArgIdLi4ELi3EL21QudaReconstructType_s12ELi4EEEEE	policy,GPU-offline,vol=4096,parity=2,precision=8,order=2,Ns=4,Nc=3,commDim=0000,n_rhs=1,n_rhs_tile=1,mu=2,topo=1111,p2p=0,gdr=0,nvshmem=0,pol=110000000000000000	32	1	1	1	1	1	0	0	0	0	-1	1.14469e-05	# 94.47 Gflop/s, 171.76 GB/s, tuning took 0.002088 seconds at Sun Dec 21 15:21:31 2025
         8x8x8x8	N4quda6CovDevINS_9CovDevArgIdLi4ELi3EL21QudaReconstructType_s12ELi4EEEEE	policy,GPU-offline,vol=4096,parity=2,precision=8,order=2,Ns=4,Nc=3,commDim=0000,n_rhs=1,n_rhs_tile=1,mu=6,topo=1111,p2p=0,gdr=0,nvshmem=0,pol=110000000000000000	32	1	1	1	1	1	0	1	0	0	-1	1.15724e-05	# 93.44 Gflop/s, 169.89 GB/s, tuning took 0.002084 seconds at Sun Dec 21 15:21:31 2025
         8x8x8x8	N4quda6CovDevINS_9CovDevArgIdLi4ELi3EL21QudaReconstructType_s12ELi4EEEEE	policy_kernel=interior,GPU-offline,vol=4096,parity=2,precision=8,order=2,Ns=4,Nc=3,commDim=0000,n_rhs=1,n_rhs_tile=1,comm=0000,mu=2	32	1	1	64	1	2	7799	-1	-1	-1	-1	1.14327e-05	# 94.58 Gflop/s, 171.97 GB/s, tuning took 0.093637 seconds at Sun Dec 21 15:21:31 2025
         8x8x8x8	N4quda6CovDevINS_9CovDevArgIdLi4ELi3EL21QudaReconstructType_s12ELi4EEEEE	policy_kernel=interior,GPU-offline,vol=4096,parity=2,precision=8,order=2,Ns=4,Nc=3,commDim=0000,n_rhs=1,n_rhs_tile=1,comm=0000,mu=6	32	1	1	64	1	2	9217	-1	-1	-1	-1	1.15643e-05	# 93.51 Gflop/s, 170.01 GB/s, tuning took 0.035428 seconds at Sun Dec 21 15:21:31 2025
         8x8x8x8	N4quda9CopyGaugeINS_12CopyGaugeArgIddLi18ELb0ENS_5gauge11FloatNOrderIdLi18ELi2ELi12EL20QudaStaggeredPhase_s0ELb1EL19QudaGhostExchange_sn2147483648ELb0EEENS2_8QDPOrderIdLi18EEEEEEE	GPU-offline,vol=4096,stride=2048,precision=8,geometry=4,Nc=3,vol=4096,stride=2304,precision=8,geometry=4,Nc=3	64	1	2	32	1	4	0	-1	-1	-1	-1	1.24565e-05	# 0.00 Gflop/s, 331.45 GB/s, tuning took 0.014056 seconds at Sun Dec 21 15:21:27 2025
         8x8x8x8	N4quda9CopyGaugeINS_12CopyGaugeArgIddLi18ELb0ENS_5gauge11FloatNOrderIdLi18ELi2ELi12EL20QudaStaggeredPhase_s0ELb1EL19QudaGhostExchange_sn2147483648ELb0EEES6_EEEE	GPU-offline,vol=4096,stride=2304,precision=8,geometry=4,Nc=3,vol=4096,stride=2304,precision=8,geometry=4,Nc=3,ghost	64	1	1	4	1	8	0	-1	-1	-1	-1	2.13442e-06	# 0.00 Gflop/s, 207.25 GB/s, tuning took 0.010165 seconds at Sun Dec 21 15:21:27 2025
         8x8x8x8	N4quda9CopyGaugeINS_12CopyGaugeArgIddLi18ELb0ENS_5gauge11FloatNOrderIdLi18ELi2ELi18EL20QudaStaggeredPhase_s0ELb1EL19QudaGhostExchange_sn2147483648ELb0EEENS2_8QDPOrderIdLi18EEEEEEE	GPU-offline,vol=4096,stride=2048,precision=8,geometry=4,Nc=3,vol=4096,stride=2304,precision=8,geometry=4,Nc=3	128	1	1	16	1	8	0	-1	-1	-1	-1	1.5423e-05	# 0.00 Gflop/s, 325.07 GB/s, tuning took 0.077243 seconds at Sun Dec 21 15:21:26 2025
         8x8x8x8	N4quda9CopyGaugeINS_12CopyGaugeArgIddLi18ELb0ENS_5gauge11FloatNOrderIdLi18ELi2ELi18EL20QudaStaggeredPhase_s0ELb1EL19QudaGhostExchange_sn2147483648ELb0EEES6_EEEE	GPU-offline,vol=4096,stride=2304,precision=8,geometry=4,Nc=3,vol=4096,stride=2304,precision=8,geometry=4,Nc=3,ghost	32	1	1	8	1	8	0	-1	-1	-1	-1	2.6668e-06	# 0.00 Gflop/s, 248.82 GB/s, tuning took 0.011366 seconds at Sun Dec 21 15:21:26 2025
         8x8x8x8	N4quda9CopyGaugeINS_12CopyGaugeArgIddLi18ELb0ENS_5gauge11FloatNOrderIdLi18ELi2ELi8EL20QudaStaggeredPhase_s0ELb1EL19QudaGhostExchange_sn2147483648ELb0EEENS3_IdLi18ELi2ELi12ELS4_0ELb1ELS5_n2147483648ELb0EEEEEEE	GPU-offline,vol=4096,stride=2304,precision=8,geometry=4,Nc=3,vol=4096,stride=2304,precision=8,geometry=4,Nc=3	32	1	2	64	1	4	0	-1	-1	-1	-1	2.52587e-05	# 0.00 Gflop/s, 116.76 GB/s, tuning took 0.019243 seconds at Mon Dec 22 16:54:05 2025
         8x8x8x8	N4quda9CopyGaugeINS_12CopyGaugeArgIddLi18ELb0ENS_5gauge11FloatNOrderIdLi18ELi2ELi8EL20QudaStaggeredPhase_s0ELb1EL19QudaGhostExchange_sn2147483648ELb0EEENS3_IdLi18ELi2ELi12ELS4_0ELb1ELS5_n2147483648ELb0EEEEEEE	GPU-offline,vol=4096,stride=2304,precision=8,geometry=4,Nc=3,vol=4096,stride=2304,precision=8,geometry=4,Nc=3,ghost	32	1	3	8	1	3	0	-1	-1	-1	-1	5.87387e-06	# 0.00 Gflop/s, 62.76 GB/s, tuning took 0.016074 seconds at Mon Dec 22 16:54:05 2025
         8x8x8x8	N4quda9CopyGaugeINS_12CopyGaugeArgIsdLi18ELb0ENS_5gauge11FloatNOrderIsLi18ELi8ELi8EL20QudaStaggeredPhase_s0ELb1EL19QudaGhostExchange_sn2147483648ELb0EEENS3_IdLi18ELi2ELi12ELS4_0ELb1ELS5_n2147483648ELb0EEEEEEE	GPU-offline,vol=4096,stride=2304,precision=8,geometry=4,Nc=3,vol=4096,stride=2304,precision=2,geometry=4,Nc=3	32	1	2	64	1	4	0	-1	-1	-1	-1	7.78407e-06	# 0.00 Gflop/s, 265.21 GB/s, tuning took 0.012957 seconds at Sun Dec 21 15:21:27 2025
         8x8x8x8	N4quda9CopyGaugeINS_12CopyGaugeArgIsdLi18ELb0ENS_5gauge11FloatNOrderIsLi18ELi8ELi8EL20QudaStaggeredPhase_s0ELb1EL19QudaGhostExchange_sn2147483648ELb0EEENS3_IdLi18ELi2ELi12ELS4_0ELb1ELS5_n2147483648ELb0EEEEEEE	GPU-offline,vol=4096,stride=2304,precision=8,geometry=4,Nc=3,vol=4096,stride=2304,precision=2,geometry=4,Nc=3,ghost	32	1	3	8	1	3	0	-1	-1	-1	-1	3.10857e-06	# 0.00 Gflop/s, 83.01 GB/s, tuning took 0.011777 seconds at Sun Dec 21 15:21:27 2025
         8x8x8x8	N4quda9GaugePlaqIdLi3EL21QudaReconstructType_s18EEE	GPU-offline,vol=4096,stride=2048,precision=8,geometry=4,Nc=3,r=0000	96	2	1	31	1	1	0	-1	-1	-1	-1	8.0992e-05	# 181.15 Gflop/s, 29.13 GB/s, tuning took 1.257653 seconds at Sun Dec 21 15:21:27 2025
    bytes=106496	cudaMemsetAsync	zero,color_spinor_field.cpp,414	32	1	1	1	1	1	0	-1	-1	-1	-1	1.68135e-06	# 0.00 Gflop/s, 63.34 GB/s, tuning took 0.000681 seconds at Sun Dec 21 15:21:29 2025
    bytes=196608	cudaMemset	allocateGhostBuffer,lattice_field.cpp,278	32	1	1	1	1	1	0	-1	-1	-1	-1	1.7426e-06	# 0.00 Gflop/s, 112.82 GB/s, tuning took 0.000631 seconds at Tue Dec 23 14:15:27 2025
    bytes=196608	cudaMemset	allocateGhostBuffer,lattice_field.cpp,283	32	1	1	1	1	1	0	-1	-1	-1	-1	1.75285e-06	# 0.00 Gflop/s, 112.16 GB/s, tuning took 0.000620 seconds at Tue Dec 23 14:15:27 2025
    bytes=294912	cudaMemset	allocateGhostBuffer,lattice_field.cpp,278	32	1	1	1	1	1	0	-1	-1	-1	-1	1.888e-06	# 0.00 Gflop/s, 156.20 GB/s, tuning took 0.000647 seconds at Sun Dec 21 15:21:26 2025
    bytes=294912	cudaMemset	allocateGhostBuffer,lattice_field.cpp,283	32	1	1	1	1	1	0	-1	-1	-1	-1	1.89409e-06	# 0.00 Gflop/s, 155.70 GB/s, tuning took 0.000640 seconds at Sun Dec 21 15:21:26 2025
    bytes=393216	cudaMemsetAsync	zero,color_spinor_field.cpp,414	32	1	1	1	1	1	0	-1	-1	-1	-1	1.78603e-06	# 0.00 Gflop/s, 220.16 GB/s, tuning took 0.000725 seconds at Sun Dec 21 15:21:29 2025
     bytes=49152	cudaMemcpyDeviceToDevice	exchangeGhost,gauge_field.cpp,527	32	1	1	1	1	1	0	-1	-1	-1	-1	2.17288e-06	# 0.00 Gflop/s, 45.24 GB/s, tuning took 0.000653 seconds at Sun Dec 21 15:21:27 2025
    bytes=589824	cudaMemcpyDefault	copy,gauge_field.cpp,1085	32	1	1	1	1	1	0	-1	-1	-1	-1	6.31954e-05	# 0.00 Gflop/s, 9.33 GB/s, tuning took 0.001205 seconds at Sun Dec 21 15:21:26 2025
     bytes=73728	cudaMemcpyDeviceToDevice	exchangeGhost,gauge_field.cpp,527	32	1	1	1	1	1	0	-1	-1	-1	-1	2.13943e-06	# 0.00 Gflop/s, 68.92 GB/s, tuning took 0.000630 seconds at Sun Dec 21 15:21:26 2025
    bytes=786432	cudaMemcpyDefault	copy,color_spinor_field.cpp,455	32	1	1	1	1	1	0	-1	-1	-1	-1	8.39476e-05	# 0.00 Gflop/s, 9.37 GB/s, tuning took 0.001310 seconds at Sun Dec 21 16:14:08 2025
    bytes=786432	cudaMemcpyDefault	copy,color_spinor_field.cpp,498	32	1	1	1	1	1	0	-1	-1	-1	-1	8.61893e-05	# 0.00 Gflop/s, 9.12 GB/s, tuning took 0.001425 seconds at Sun Dec 21 16:14:08 2025
    bytes=786432	cudaMemsetAsync	copy,color_spinor_field.cpp,462	32	1	1	1	1	1	0	-1	-1	-1	-1	2.60023e-06	# 0.00 Gflop/s, 302.45 GB/s, tuning took 0.000787 seconds at Sun Dec 21 16:14:08 2025
    bytes=786432	cudaMemsetAsync	zero,color_spinor_field.cpp,414	32	1	1	1	1	1	0	-1	-1	-1	-1	2.3841e-06	# 0.00 Gflop/s, 329.87 GB/s, tuning took 0.000806 seconds at Sun Dec 21 15:21:29 2025
